,hair_color
0,black_hair
1,black_hair
2,black_hair
3,black_hair
4,black_hair
5,black_hair
6,black_hair
7,black_hair
8,black_hair
9,black_hair
10,black_hair
11,black_hair
12,black_hair
13,black_hair
14,black_hair
15,black_hair
16,black_hair
17,black_hair
18,black_hair
19,black_hair
20,black_hair
21,black_hair
22,black_hair
23,black_hair
24,black_hair
25,black_hair
26,black_hair
27,black_hair
28,black_hair
29,black_hair
30,black_hair
31,black_hair
32,black_hair
33,black_hair
34,black_hair
35,black_hair
36,black_hair
37,black_hair
38,black_hair
39,black_hair
40,black_hair
41,black_hair
42,black_hair
43,black_hair
44,black_hair
45,black_hair
46,black_hair
47,black_hair
48,black_hair
49,black_hair
50,black_hair
51,black_hair
52,black_hair
53,black_hair
54,black_hair
55,black_hair
56,black_hair
57,black_hair
58,black_hair
59,black_hair
60,black_hair
61,black_hair
62,black_hair
63,black_hair
64,black_hair
65,black_hair
66,black_hair
67,black_hair
68,black_hair
69,black_hair
70,black_hair
71,black_hair
72,black_hair
73,black_hair
74,black_hair
75,black_hair
76,black_hair
77,black_hair
78,black_hair
79,black_hair
80,black_hair
81,black_hair
82,black_hair
83,black_hair
84,black_hair
85,black_hair
86,black_hair
87,black_hair
88,black_hair
89,black_hair
90,black_hair
91,black_hair
92,black_hair
93,black_hair
94,black_hair
95,black_hair
96,black_hair
97,black_hair
98,black_hair
99,black_hair
100,black_hair
101,black_hair
102,black_hair
103,black_hair
104,black_hair
105,black_hair
106,black_hair
107,black_hair
108,black_hair
109,black_hair
110,black_hair
111,black_hair
112,black_hair
113,black_hair
114,black_hair
115,black_hair
116,black_hair
117,black_hair
118,black_hair
119,black_hair
120,black_hair
121,black_hair
122,black_hair
123,black_hair
124,black_hair
125,black_hair
126,black_hair
127,black_hair
128,black_hair
129,black_hair
130,black_hair
131,black_hair
132,black_hair
133,black_hair
134,black_hair
135,black_hair
136,black_hair
137,black_hair
138,black_hair
139,black_hair
140,black_hair
141,black_hair
142,black_hair
143,black_hair
144,black_hair
145,black_hair
146,black_hair
147,black_hair
148,black_hair
149,black_hair
150,black_hair
151,black_hair
152,black_hair
153,black_hair
154,black_hair
155,black_hair
156,black_hair
157,black_hair
158,black_hair
159,black_hair
160,black_hair
161,black_hair
162,black_hair
163,black_hair
164,black_hair
165,black_hair
166,black_hair
167,black_hair
168,black_hair
169,black_hair
170,black_hair
171,black_hair
172,black_hair
173,black_hair
174,black_hair
175,black_hair
176,black_hair
177,black_hair
178,black_hair
179,black_hair
180,black_hair
181,black_hair
182,black_hair
183,black_hair
184,black_hair
185,black_hair
186,black_hair
187,black_hair
188,black_hair
189,black_hair
190,black_hair
191,black_hair
192,black_hair
193,black_hair
194,black_hair
195,black_hair
196,black_hair
197,black_hair
198,black_hair
199,black_hair
200,black_hair
201,black_hair
202,black_hair
203,black_hair
204,black_hair
205,black_hair
206,black_hair
207,black_hair
208,black_hair
209,black_hair
210,black_hair
211,black_hair
212,black_hair
213,black_hair
214,black_hair
215,black_hair
216,black_hair
217,black_hair
218,black_hair
219,black_hair
220,black_hair
221,black_hair
222,black_hair
223,black_hair
224,black_hair
225,black_hair
226,black_hair
227,black_hair
228,black_hair
229,black_hair
230,black_hair
231,black_hair
232,black_hair
233,black_hair
234,black_hair
235,black_hair
236,black_hair
237,black_hair
238,black_hair
239,black_hair
240,black_hair
241,black_hair
242,black_hair
243,black_hair
244,black_hair
245,black_hair
246,black_hair
247,black_hair
248,black_hair
249,black_hair
250,blond_hair
251,blond_hair
252,blond_hair
253,blond_hair
254,blond_hair
255,blond_hair
256,blond_hair
257,blond_hair
258,blond_hair
259,blond_hair
260,blond_hair
261,blond_hair
262,blond_hair
263,blond_hair
264,blond_hair
265,blond_hair
266,blond_hair
267,blond_hair
268,blond_hair
269,blond_hair
270,blond_hair
271,blond_hair
272,blond_hair
273,blond_hair
274,blond_hair
275,blond_hair
276,blond_hair
277,blond_hair
278,blond_hair
279,blond_hair
280,blond_hair
281,blond_hair
282,blond_hair
283,blond_hair
284,blond_hair
285,blond_hair
286,blond_hair
287,blond_hair
288,blond_hair
289,blond_hair
290,blond_hair
291,blond_hair
292,blond_hair
293,blond_hair
294,blond_hair
295,blond_hair
296,blond_hair
297,blond_hair
298,blond_hair
299,blond_hair
300,blond_hair
301,blond_hair
302,blond_hair
303,blond_hair
304,blond_hair
305,blond_hair
306,blond_hair
307,blond_hair
308,blond_hair
309,blond_hair
310,blond_hair
311,blond_hair
312,blond_hair
313,blond_hair
314,blond_hair
315,blond_hair
316,blond_hair
317,blond_hair
318,blond_hair
319,blond_hair
320,blond_hair
321,blond_hair
322,blond_hair
323,blond_hair
324,blond_hair
325,blond_hair
326,blond_hair
327,blond_hair
328,blond_hair
329,blond_hair
330,blond_hair
331,blond_hair
332,blond_hair
333,blond_hair
334,blond_hair
335,blond_hair
336,blond_hair
337,blond_hair
338,blond_hair
339,blond_hair
340,blond_hair
341,blond_hair
342,blond_hair
343,blond_hair
344,blond_hair
345,blond_hair
346,blond_hair
347,blond_hair
348,blond_hair
349,blond_hair
350,blond_hair
351,blond_hair
352,blond_hair
353,blond_hair
354,blond_hair
355,blond_hair
356,blond_hair
357,blond_hair
358,blond_hair
359,blond_hair
360,blond_hair
361,blond_hair
362,blond_hair
363,blond_hair
364,blond_hair
365,blond_hair
366,blond_hair
367,blond_hair
368,blond_hair
369,blond_hair
370,blond_hair
371,blond_hair
372,blond_hair
373,blond_hair
374,blond_hair
375,blond_hair
376,blond_hair
377,blond_hair
378,blond_hair
379,blond_hair
380,blond_hair
381,blond_hair
382,blond_hair
383,blond_hair
384,blond_hair
385,blond_hair
386,blond_hair
387,blond_hair
388,blond_hair
389,blond_hair
390,blond_hair
391,blond_hair
392,blond_hair
393,blond_hair
394,blond_hair
395,blond_hair
396,blond_hair
397,blond_hair
398,blond_hair
399,blond_hair
400,blond_hair
401,blond_hair
402,blond_hair
403,blond_hair
404,blond_hair
405,blond_hair
406,blond_hair
407,blond_hair
408,blond_hair
409,blond_hair
410,blond_hair
411,blond_hair
412,blond_hair
413,blond_hair
414,blond_hair
415,blond_hair
416,blond_hair
417,blond_hair
418,blond_hair
419,blond_hair
420,blond_hair
421,blond_hair
422,blond_hair
423,blond_hair
424,blond_hair
425,blond_hair
426,blond_hair
427,blond_hair
428,blond_hair
429,blond_hair
430,blond_hair
431,blond_hair
432,blond_hair
433,blond_hair
434,blond_hair
435,blond_hair
436,blond_hair
437,blond_hair
438,blond_hair
439,blond_hair
440,blond_hair
441,blond_hair
442,blond_hair
443,blond_hair
444,blond_hair
445,blond_hair
446,blond_hair
447,blond_hair
448,blond_hair
449,blond_hair
450,blond_hair
451,blond_hair
452,blond_hair
453,blond_hair
454,blond_hair
455,blond_hair
456,blond_hair
457,blond_hair
458,blond_hair
459,blond_hair
460,blond_hair
461,blond_hair
462,blond_hair
463,blond_hair
464,blond_hair
465,blond_hair
466,blond_hair
467,blond_hair
468,blond_hair
469,blond_hair
470,blond_hair
471,blond_hair
472,blond_hair
473,blond_hair
474,blond_hair
475,blond_hair
476,blond_hair
477,blond_hair
478,blond_hair
479,blond_hair
480,blond_hair
481,blond_hair
482,blond_hair
483,blond_hair
484,blond_hair
485,blond_hair
486,blond_hair
487,blond_hair
488,blond_hair
489,blond_hair
490,blond_hair
491,blond_hair
492,blond_hair
493,blond_hair
494,blond_hair
495,blond_hair
496,blond_hair
497,blond_hair
498,blond_hair
499,blond_hair
500,brown_hair
501,brown_hair
502,brown_hair
503,brown_hair
504,brown_hair
505,brown_hair
506,brown_hair
507,brown_hair
508,brown_hair
509,brown_hair
510,brown_hair
511,brown_hair
512,brown_hair
513,brown_hair
514,brown_hair
515,brown_hair
516,brown_hair
517,brown_hair
518,brown_hair
519,brown_hair
520,brown_hair
521,brown_hair
522,brown_hair
523,brown_hair
524,brown_hair
525,brown_hair
526,brown_hair
527,brown_hair
528,brown_hair
529,brown_hair
530,brown_hair
531,brown_hair
532,brown_hair
533,brown_hair
534,brown_hair
535,brown_hair
536,brown_hair
537,brown_hair
538,brown_hair
539,brown_hair
540,brown_hair
541,brown_hair
542,brown_hair
543,brown_hair
544,brown_hair
545,brown_hair
546,brown_hair
547,brown_hair
548,brown_hair
549,brown_hair
550,brown_hair
551,brown_hair
552,brown_hair
553,brown_hair
554,brown_hair
555,brown_hair
556,brown_hair
557,brown_hair
558,brown_hair
559,brown_hair
560,brown_hair
561,brown_hair
562,brown_hair
563,brown_hair
564,brown_hair
565,brown_hair
566,brown_hair
567,brown_hair
568,brown_hair
569,brown_hair
570,brown_hair
571,brown_hair
572,brown_hair
573,brown_hair
574,brown_hair
575,brown_hair
576,brown_hair
577,brown_hair
578,brown_hair
579,brown_hair
580,brown_hair
581,brown_hair
582,brown_hair
583,brown_hair
584,brown_hair
585,brown_hair
586,brown_hair
587,brown_hair
588,brown_hair
589,brown_hair
590,brown_hair
591,brown_hair
592,brown_hair
593,brown_hair
594,brown_hair
595,brown_hair
596,brown_hair
597,brown_hair
598,brown_hair
599,brown_hair
600,brown_hair
601,brown_hair
602,brown_hair
603,brown_hair
604,brown_hair
605,brown_hair
606,brown_hair
607,brown_hair
608,brown_hair
609,brown_hair
610,brown_hair
611,brown_hair
612,brown_hair
613,brown_hair
614,brown_hair
615,brown_hair
616,brown_hair
617,brown_hair
618,brown_hair
619,brown_hair
620,brown_hair
621,brown_hair
622,brown_hair
623,brown_hair
624,brown_hair
625,brown_hair
626,brown_hair
627,brown_hair
628,brown_hair
629,brown_hair
630,brown_hair
631,brown_hair
632,brown_hair
633,brown_hair
634,brown_hair
635,brown_hair
636,brown_hair
637,brown_hair
638,brown_hair
639,brown_hair
640,brown_hair
641,brown_hair
642,brown_hair
643,brown_hair
644,brown_hair
645,brown_hair
646,brown_hair
647,brown_hair
648,brown_hair
649,brown_hair
650,brown_hair
651,brown_hair
652,brown_hair
653,brown_hair
654,brown_hair
655,brown_hair
656,brown_hair
657,brown_hair
658,brown_hair
659,brown_hair
660,brown_hair
661,brown_hair
662,brown_hair
663,brown_hair
664,brown_hair
665,brown_hair
666,brown_hair
667,brown_hair
668,brown_hair
669,brown_hair
670,brown_hair
671,brown_hair
672,brown_hair
673,brown_hair
674,brown_hair
675,brown_hair
676,brown_hair
677,brown_hair
678,brown_hair
679,brown_hair
680,brown_hair
681,brown_hair
682,brown_hair
683,brown_hair
684,brown_hair
685,brown_hair
686,brown_hair
687,brown_hair
688,brown_hair
689,brown_hair
690,brown_hair
691,brown_hair
692,brown_hair
693,brown_hair
694,brown_hair
695,brown_hair
696,brown_hair
697,brown_hair
698,brown_hair
699,brown_hair
700,brown_hair
701,brown_hair
702,brown_hair
703,brown_hair
704,brown_hair
705,brown_hair
706,brown_hair
707,brown_hair
708,brown_hair
709,brown_hair
710,brown_hair
711,brown_hair
712,brown_hair
713,brown_hair
714,brown_hair
715,brown_hair
716,brown_hair
717,brown_hair
718,brown_hair
719,brown_hair
720,brown_hair
721,brown_hair
722,brown_hair
723,brown_hair
724,brown_hair
725,brown_hair
726,brown_hair
727,brown_hair
728,brown_hair
729,brown_hair
730,brown_hair
731,brown_hair
732,brown_hair
733,brown_hair
734,brown_hair
735,brown_hair
736,brown_hair
737,brown_hair
738,brown_hair
739,brown_hair
740,brown_hair
741,brown_hair
742,brown_hair
743,brown_hair
744,brown_hair
745,brown_hair
746,brown_hair
747,brown_hair
748,brown_hair
749,brown_hair
750,gray_hair
751,gray_hair
752,gray_hair
753,gray_hair
754,gray_hair
755,gray_hair
756,gray_hair
757,gray_hair
758,gray_hair
759,gray_hair
760,gray_hair
761,gray_hair
762,gray_hair
763,gray_hair
764,gray_hair
765,gray_hair
766,gray_hair
767,gray_hair
768,gray_hair
769,gray_hair
770,gray_hair
771,gray_hair
772,gray_hair
773,gray_hair
774,gray_hair
775,gray_hair
776,gray_hair
777,gray_hair
778,gray_hair
779,gray_hair
780,gray_hair
781,gray_hair
782,gray_hair
783,gray_hair
784,gray_hair
785,gray_hair
786,gray_hair
787,gray_hair
788,gray_hair
789,gray_hair
790,gray_hair
791,gray_hair
792,gray_hair
793,gray_hair
794,gray_hair
795,gray_hair
796,gray_hair
797,gray_hair
798,gray_hair
799,gray_hair
800,gray_hair
801,gray_hair
802,gray_hair
803,gray_hair
804,gray_hair
805,gray_hair
806,gray_hair
807,gray_hair
808,gray_hair
809,gray_hair
810,gray_hair
811,gray_hair
812,gray_hair
813,gray_hair
814,gray_hair
815,gray_hair
816,gray_hair
817,gray_hair
818,gray_hair
819,gray_hair
820,gray_hair
821,gray_hair
822,gray_hair
823,gray_hair
824,gray_hair
825,gray_hair
826,gray_hair
827,gray_hair
828,gray_hair
829,gray_hair
830,gray_hair
831,gray_hair
832,gray_hair
833,gray_hair
834,gray_hair
835,gray_hair
836,gray_hair
837,gray_hair
838,gray_hair
839,gray_hair
840,gray_hair
841,gray_hair
842,gray_hair
843,gray_hair
844,gray_hair
845,gray_hair
846,gray_hair
847,gray_hair
848,gray_hair
849,gray_hair
850,gray_hair
851,gray_hair
852,gray_hair
853,gray_hair
854,gray_hair
855,gray_hair
856,gray_hair
857,gray_hair
858,gray_hair
859,gray_hair
860,gray_hair
861,gray_hair
862,gray_hair
863,gray_hair
864,gray_hair
865,gray_hair
866,gray_hair
867,gray_hair
868,gray_hair
869,gray_hair
870,gray_hair
871,gray_hair
872,gray_hair
873,gray_hair
874,gray_hair
875,gray_hair
876,gray_hair
877,gray_hair
878,gray_hair
879,gray_hair
880,gray_hair
881,gray_hair
882,gray_hair
883,gray_hair
884,gray_hair
885,gray_hair
886,gray_hair
887,gray_hair
888,gray_hair
889,gray_hair
890,gray_hair
891,gray_hair
892,gray_hair
893,gray_hair
894,gray_hair
895,gray_hair
896,gray_hair
897,gray_hair
898,gray_hair
899,gray_hair
900,gray_hair
901,gray_hair
902,gray_hair
903,gray_hair
904,gray_hair
905,gray_hair
906,gray_hair
907,gray_hair
908,gray_hair
909,gray_hair
910,gray_hair
911,gray_hair
912,gray_hair
913,gray_hair
914,gray_hair
915,gray_hair
916,gray_hair
917,gray_hair
918,gray_hair
919,gray_hair
920,gray_hair
921,gray_hair
922,gray_hair
923,gray_hair
924,gray_hair
925,gray_hair
926,gray_hair
927,gray_hair
928,gray_hair
929,gray_hair
930,gray_hair
931,gray_hair
932,gray_hair
933,gray_hair
934,gray_hair
935,gray_hair
936,gray_hair
937,gray_hair
938,gray_hair
939,gray_hair
940,gray_hair
941,gray_hair
942,gray_hair
943,gray_hair
944,gray_hair
945,gray_hair
946,gray_hair
947,gray_hair
948,gray_hair
949,gray_hair
950,gray_hair
951,gray_hair
952,gray_hair
953,gray_hair
954,gray_hair
955,gray_hair
956,gray_hair
957,gray_hair
958,gray_hair
959,gray_hair
960,gray_hair
961,gray_hair
962,gray_hair
963,gray_hair
964,gray_hair
965,gray_hair
966,gray_hair
967,gray_hair
968,gray_hair
969,gray_hair
970,gray_hair
971,gray_hair
972,gray_hair
973,gray_hair
974,gray_hair
975,gray_hair
976,gray_hair
977,gray_hair
978,gray_hair
979,gray_hair
980,gray_hair
981,gray_hair
982,gray_hair
983,gray_hair
984,gray_hair
985,gray_hair
986,gray_hair
987,gray_hair
988,gray_hair
989,gray_hair
990,gray_hair
991,gray_hair
992,gray_hair
993,gray_hair
994,gray_hair
995,gray_hair
996,gray_hair
997,gray_hair
998,gray_hair
999,gray_hair
